STUDYID,DOMAIN,USUBJID,PUID,COHORT,SUBJID,POOLID,EXSEQ,FOCID,EXTRT,EXDOSE,EXDOSTXT,EXDOSU,EXDOSFRM,EXDOSFRQ,EXROUTE,EXLOT,EXLOC,EXMETHOD,EXTRTV,EXVAMT,EXVAMTU,EXADJ,EXSTDTC,EXENDTC,EXSTDY,EXENDY,EXDUR,EXTPT,EXTPTNUM,EXELTM,EXTPTREF,EXRFTDTC
Xeno Nimo Hypox;FaDu,EX,N150a001,N150,a,1,,2.0,,CISPLATIN,0.108,,mg/kg,,q.1.w,INTRAPERITONEAL,,,,SALINE;SODIUM CHLORIDE 0.9%,0.36,ml,,2011-12-26,2011-12-26,20,20,1,,,,,
Xeno Nimo Hypox;FaDu,EX,N150a001,N150,a,1,,2.0001,,CISPLATIN,0.108,,mg/kg,,q.1.w,INTRAPERITONEAL,,,,SALINE;SODIUM CHLORIDE 0.9%,0.36,ml,,2012-01-02,2012-01-02,27,27,1,,,,,
Xeno Nimo Hypox;FaDu,EX,N150a001,N150,a,1,,2.0002,,CISPLATIN,0.114,,mg/kg,,q.1.w,INTRAPERITONEAL,,,,SALINE;SODIUM CHLORIDE 0.9%,0.38,ml,,2012-01-09,2012-01-09,34,34,1,,,,,
Xeno Nimo Hypox;FaDu,EX,N150a001,N150,a,1,,2.0003,,CISPLATIN,0.108,,mg/kg,,q.1.w,INTRAPERITONEAL,,,,SALINE;SODIUM CHLORIDE 0.9%,0.36,ml,,2012-01-16,2012-01-16,41,41,1,,,,,
Xeno Nimo Hypox;FaDu,EX,N150a001,N150,a,1,,2.0004,,CISPLATIN,0.108,,mg/kg,,q.1.w,INTRAPERITONEAL,,,,SALINE;SODIUM CHLORIDE 0.9%,0.36,ml,,2012-01-23,2012-01-23,48,48,1,,,,,
Xeno Nimo Hypox;FaDu,EX,N150a001,N150,a,1,,2.0005,,CISPLATIN,0.108,,mg/kg,,q.1.w,INTRAPERITONEAL,,,,SALINE;SODIUM CHLORIDE 0.9%,0.36,ml,,2012-01-30,2012-01-30,55,55,1,,,,,
Xeno Nimo Hypox;FaDu,EX,N150a002,N150,a,2,,2.0,,CISPLATIN,0.12,,mg/kg,,q.1.w,INTRAPERITONEAL,,,,SALINE;SODIUM CHLORIDE 0.9%,0.4,ml,,2011-12-22,2011-12-22,16,16,1,,,,,
Xeno Nimo Hypox;FaDu,EX,N150a002,N150,a,2,,2.0001,,CISPLATIN,0.111,,mg/kg,,q.1.w,INTRAPERITONEAL,,,,SALINE;SODIUM CHLORIDE 0.9%,0.37,ml,,2011-12-29,2011-12-29,23,23,1,,,,,
Xeno Nimo Hypox;FaDu,EX,N150a002,N150,a,2,,2.0002,,CISPLATIN,0.108,,mg/kg,,q.1.w,INTRAPERITONEAL,,,,SALINE;SODIUM CHLORIDE 0.9%,0.36,ml,,2012-01-05,2012-01-05,30,30,1,,,,,
Xeno Nimo Hypox;FaDu,EX,N150a002,N150,a,2,,2.0003,,CISPLATIN,0.108,,mg/kg,,q.1.w,INTRAPERITONEAL,,,,SALINE;SODIUM CHLORIDE 0.9%,0.36,ml,,2012-01-12,2012-01-12,37,37,1,,,,,
Xeno Nimo Hypox;FaDu,EX,N150a002,N150,a,2,,2.0004,,CISPLATIN,0.111,,mg/kg,,q.1.w,INTRAPERITONEAL,,,,SALINE;SODIUM CHLORIDE 0.9%,0.37,ml,,2012-01-19,2012-01-19,44,44,1,,,,,
Xeno Nimo Hypox;FaDu,EX,N150a002,N150,a,2,,2.0005,,CISPLATIN,0.123,,mg/kg,,q.1.w,INTRAPERITONEAL,,,,SALINE;SODIUM CHLORIDE 0.9%,0.41,ml,,2012-01-26,2012-01-26,51,51,1,,,,,
Xeno Nimo Hypox;FaDu,EX,N150a003,N150,a,3,,2.0,,CISPLATIN,0.108,,mg/kg,,q.1.w,INTRAPERITONEAL,,,,SALINE;SODIUM CHLORIDE 0.9%,0.36,ml,,2011-12-22,2011-12-22,16,16,1,,,,,
Xeno Nimo Hypox;FaDu,EX,N150a003,N150,a,3,,2.0001,,CISPLATIN,0.114,,mg/kg,,q.1.w,INTRAPERITONEAL,,,,SALINE;SODIUM CHLORIDE 0.9%,0.38,ml,,2011-12-29,2011-12-29,23,23,1,,,,,
Xeno Nimo Hypox;FaDu,EX,N150a003,N150,a,3,,2.0002,,CISPLATIN,0.108,,mg/kg,,q.1.w,INTRAPERITONEAL,,,,SALINE;SODIUM CHLORIDE 0.9%,0.36,ml,,2012-01-05,2012-01-05,30,30,1,,,,,
Xeno Nimo Hypox;FaDu,EX,N150a003,N150,a,3,,2.0003,,CISPLATIN,0.108,,mg/kg,,q.1.w,INTRAPERITONEAL,,,,SALINE;SODIUM CHLORIDE 0.9%,0.36,ml,,2012-01-12,2012-01-12,37,37,1,,,,,
Xeno Nimo Hypox;FaDu,EX,N150a003,N150,a,3,,2.0004,,CISPLATIN,0.111,,mg/kg,,q.1.w,INTRAPERITONEAL,,,,SALINE;SODIUM CHLORIDE 0.9%,0.37,ml,,2012-01-19,2012-01-19,44,44,1,,,,,
Xeno Nimo Hypox;FaDu,EX,N150a003,N150,a,3,,2.0005,,CISPLATIN,0.114,,mg/kg,,q.1.w,INTRAPERITONEAL,,,,SALINE;SODIUM CHLORIDE 0.9%,0.38,ml,,2012-01-26,2012-01-26,51,51,1,,,,,
Xeno Nimo Hypox;FaDu,EX,N150a004,N150,a,4,,2.0,,CISPLATIN,0.108,,mg/kg,,q.1.w,INTRAPERITONEAL,,,,SALINE;SODIUM CHLORIDE 0.9%,0.36,ml,,2011-12-26,2011-12-26,20,20,1,,,,,
Xeno Nimo Hypox;FaDu,EX,N150a004,N150,a,4,,2.0001,,CISPLATIN,0.111,,mg/kg,,q.1.w,INTRAPERITONEAL,,,,SALINE;SODIUM CHLORIDE 0.9%,0.37,ml,,2012-01-02,2012-01-02,27,27,1,,,,,
Xeno Nimo Hypox;FaDu,EX,N150a004,N150,a,4,,2.0002,,CISPLATIN,0.114,,mg/kg,,q.1.w,INTRAPERITONEAL,,,,SALINE;SODIUM CHLORIDE 0.9%,0.38,ml,,2012-01-09,2012-01-09,34,34,1,,,,,
Xeno Nimo Hypox;FaDu,EX,N150a004,N150,a,4,,2.0003,,CISPLATIN,0.105,,mg/kg,,q.1.w,INTRAPERITONEAL,,,,SALINE;SODIUM CHLORIDE 0.9%,0.35,ml,,2012-01-16,2012-01-16,41,41,1,,,,,
Xeno Nimo Hypox;FaDu,EX,N150a004,N150,a,4,,2.0004,,CISPLATIN,0.093,,mg/kg,,q.1.w,INTRAPERITONEAL,,,,SALINE;SODIUM CHLORIDE 0.9%,0.31,ml,,2012-01-23,2012-01-23,48,48,1,,,,,
Xeno Nimo Hypox;FaDu,EX,N150a004,N150,a,4,,2.0005,,CISPLATIN,0.102,,mg/kg,,q.1.w,INTRAPERITONEAL,,,,SALINE;SODIUM CHLORIDE 0.9%,0.34,ml,,2012-01-30,2012-01-30,55,55,1,,,,,
Xeno Nimo Hypox;FaDu,EX,N150a027,N150,a,27,,2.0,,CISPLATIN,0.111,,mg/kg,,q.1.w,INTRAPERITONEAL,,,,SALINE;SODIUM CHLORIDE 0.9%,0.37,ml,,2011-12-26,2011-12-26,20,20,1,,,,,
Xeno Nimo Hypox;FaDu,EX,N150a027,N150,a,27,,2.0001,,CISPLATIN,0.114,,mg/kg,,q.1.w,INTRAPERITONEAL,,,,SALINE;SODIUM CHLORIDE 0.9%,0.38,ml,,2012-01-02,2012-01-02,27,27,1,,,,,
Xeno Nimo Hypox;FaDu,EX,N150a027,N150,a,27,,2.0002,,CISPLATIN,0.111,,mg/kg,,q.1.w,INTRAPERITONEAL,,,,SALINE;SODIUM CHLORIDE 0.9%,0.37,ml,,2012-01-09,2012-01-09,34,34,1,,,,,
Xeno Nimo Hypox;FaDu,EX,N150a027,N150,a,27,,2.0003,,CISPLATIN,0.105,,mg/kg,,q.1.w,INTRAPERITONEAL,,,,SALINE;SODIUM CHLORIDE 0.9%,0.35,ml,,2012-01-16,2012-01-16,41,41,1,,,,,
Xeno Nimo Hypox;FaDu,EX,N150a027,N150,a,27,,2.0004,,CISPLATIN,0.093,,mg/kg,,q.1.w,INTRAPERITONEAL,,,,SALINE;SODIUM CHLORIDE 0.9%,0.31,ml,,2012-01-23,2012-01-23,48,48,1,,,,,
Xeno Nimo Hypox;FaDu,EX,N150a027,N150,a,27,,2.0005,,CISPLATIN,0.111,,mg/kg,,q.1.w,INTRAPERITONEAL,,,,SALINE;SODIUM CHLORIDE 0.9%,0.28,ml,,2012-01-30,2012-01-30,55,55,1,,,,,
Xeno Nimo Hypox;FaDu,EX,N150a028,N150,a,28,,2.0,,CISPLATIN,0.111,,mg/kg,,q.1.w,INTRAPERITONEAL,,,,SALINE;SODIUM CHLORIDE 0.9%,0.37,ml,,2012-01-09,2012-01-09,34,34,1,,,,,
Xeno Nimo Hypox;FaDu,EX,N150a028,N150,a,28,,2.0001,,CISPLATIN,0.105,,mg/kg,,q.1.w,INTRAPERITONEAL,,,,SALINE;SODIUM CHLORIDE 0.9%,0.35,ml,,2012-01-16,2012-01-16,41,41,1,,,,,
Xeno Nimo Hypox;FaDu,EX,N150a028,N150,a,28,,2.0002,,CISPLATIN,0.102,,mg/kg,,q.1.w,INTRAPERITONEAL,,,,SALINE;SODIUM CHLORIDE 0.9%,0.34,ml,,2012-01-23,2012-01-23,48,48,1,,,,,
Xeno Nimo Hypox;FaDu,EX,N150a028,N150,a,28,,2.0003,,CISPLATIN,0.096,,mg/kg,,q.1.w,INTRAPERITONEAL,,,,SALINE;SODIUM CHLORIDE 0.9%,0.32,ml,,2012-01-30,2012-01-30,55,55,1,,,,,
Xeno Nimo Hypox;FaDu,EX,N150a028,N150,a,28,,2.0004,,CISPLATIN,0.102,,mg/kg,,q.1.w,INTRAPERITONEAL,,,,SALINE;SODIUM CHLORIDE 0.9%,0.34,ml,,2012-02-06,2012-02-06,62,62,1,,,,,
Xeno Nimo Hypox;FaDu,EX,N150a028,N150,a,28,,2.0005,,CISPLATIN,0.099,,mg/kg,,q.1.w,INTRAPERITONEAL,,,,SALINE;SODIUM CHLORIDE 0.9%,0.33,ml,,2012-02-13,2012-02-13,69,69,1,,,,,
Xeno Nimo Hypox;FaDu,EX,N150a029,N150,a,29,,2.0,,CISPLATIN,0.117,,mg/kg,,q.1.w,INTRAPERITONEAL,,,,SALINE;SODIUM CHLORIDE 0.9%,0.39,ml,,2012-01-02,2012-01-02,27,27,1,,,,,
Xeno Nimo Hypox;FaDu,EX,N150a029,N150,a,29,,2.0001,,CISPLATIN,0.114,,mg/kg,,q.1.w,INTRAPERITONEAL,,,,SALINE;SODIUM CHLORIDE 0.9%,0.38,ml,,2012-01-09,2012-01-09,34,34,1,,,,,
Xeno Nimo Hypox;FaDu,EX,N150a029,N150,a,29,,2.0002,,CISPLATIN,0.108,,mg/kg,,q.1.w,INTRAPERITONEAL,,,,SALINE;SODIUM CHLORIDE 0.9%,0.36,ml,,2012-01-16,2012-01-16,41,41,1,,,,,
Xeno Nimo Hypox;FaDu,EX,N150a029,N150,a,29,,2.0003,,CISPLATIN,0.111,,mg/kg,,q.1.w,INTRAPERITONEAL,,,,SALINE;SODIUM CHLORIDE 0.9%,0.37,ml,,2012-01-23,2012-01-23,48,48,1,,,,,
Xeno Nimo Hypox;FaDu,EX,N150a029,N150,a,29,,2.0004,,CISPLATIN,0.111,,mg/kg,,q.1.w,INTRAPERITONEAL,,,,SALINE;SODIUM CHLORIDE 0.9%,0.37,ml,,2012-01-30,2012-01-30,55,55,1,,,,,
Xeno Nimo Hypox;FaDu,EX,N150a029,N150,a,29,,2.0005,,CISPLATIN,0.108,,mg/kg,,q.1.w,INTRAPERITONEAL,,,,SALINE;SODIUM CHLORIDE 0.9%,0.36,ml,,2012-02-06,2012-02-06,62,62,1,,,,,
Xeno Nimo Hypox;FaDu,EX,N150a030,N150,a,30,,2.0,,CISPLATIN,0.09,,mg/kg,,q.1.w,INTRAPERITONEAL,,,,SALINE;SODIUM CHLORIDE 0.9%,0.3,ml,,2011-12-22,2011-12-22,16,16,1,,,,,
Xeno Nimo Hypox;FaDu,EX,N150a030,N150,a,30,,2.0001,,CISPLATIN,0.096,,mg/kg,,q.1.w,INTRAPERITONEAL,,,,SALINE;SODIUM CHLORIDE 0.9%,0.32,ml,,2011-12-29,2011-12-29,23,23,1,,,,,
Xeno Nimo Hypox;FaDu,EX,N150a030,N150,a,30,,2.0002,,CISPLATIN,0.09,,mg/kg,,q.1.w,INTRAPERITONEAL,,,,SALINE;SODIUM CHLORIDE 0.9%,0.3,ml,,2012-01-05,2012-01-05,30,30,1,,,,,
Xeno Nimo Hypox;FaDu,EX,N150a030,N150,a,30,,2.0003,,CISPLATIN,0.09,,mg/kg,,q.1.w,INTRAPERITONEAL,,,,SALINE;SODIUM CHLORIDE 0.9%,0.3,ml,,2012-01-12,2012-01-12,37,37,1,,,,,
Xeno Nimo Hypox;FaDu,EX,N150a030,N150,a,30,,2.0004,,CISPLATIN,0.096,,mg/kg,,q.1.w,INTRAPERITONEAL,,,,SALINE;SODIUM CHLORIDE 0.9%,0.32,ml,,2012-01-19,2012-01-19,44,44,1,,,,,
Xeno Nimo Hypox;FaDu,EX,N150a030,N150,a,30,,2.0005,,CISPLATIN,0.099,,mg/kg,,q.1.w,INTRAPERITONEAL,,,,SALINE;SODIUM CHLORIDE 0.9%,0.33,ml,,2012-01-26,2012-01-26,51,51,1,,,,,
Xeno Nimo Hypox;FaDu,EX,N150b053,N150,b,53,,2.0,,CISPLATIN,0.123,,mg/kg,,q.1.w,INTRAPERITONEAL,,,,SALINE;SODIUM CHLORIDE 0.9%,0.41,ml,,2012-02-27,2012-02-27,27,27,1,,,,,
Xeno Nimo Hypox;FaDu,EX,N150b053,N150,b,53,,2.0001,,CISPLATIN,0.12,,mg/kg,,q.1.w,INTRAPERITONEAL,,,,SALINE;SODIUM CHLORIDE 0.9%,0.4,ml,,2012-03-05,2012-03-05,34,34,1,,,,,
Xeno Nimo Hypox;FaDu,EX,N150b053,N150,b,53,,2.0002,,CISPLATIN,0.117,,mg/kg,,q.1.w,INTRAPERITONEAL,,,,SALINE;SODIUM CHLORIDE 0.9%,0.39,ml,,2012-03-12,2012-03-12,41,41,1,,,,,
Xeno Nimo Hypox;FaDu,EX,N150b053,N150,b,53,,2.0003,,CISPLATIN,0.117,,mg/kg,,q.1.w,INTRAPERITONEAL,,,,SALINE;SODIUM CHLORIDE 0.9%,0.39,ml,,2012-03-19,2012-03-19,48,48,1,,,,,
Xeno Nimo Hypox;FaDu,EX,N150b053,N150,b,53,,2.0004,,CISPLATIN,0.117,,mg/kg,,q.1.w,INTRAPERITONEAL,,,,SALINE;SODIUM CHLORIDE 0.9%,0.39,ml,,2012-03-26,2012-03-26,55,55,1,,,,,
Xeno Nimo Hypox;FaDu,EX,N150b053,N150,b,53,,2.0005,,CISPLATIN,0.114,,mg/kg,,q.1.w,INTRAPERITONEAL,,,,SALINE;SODIUM CHLORIDE 0.9%,0.38,ml,,2012-04-02,2012-04-02,62,62,1,,,,,
Xeno Nimo Hypox;FaDu,EX,N150b056,N150,b,56,,2.0,,CISPLATIN,0.12,,mg/kg,,q.1.w,INTRAPERITONEAL,,,,SALINE;SODIUM CHLORIDE 0.9%,0.4,ml,,2012-03-01,2012-03-01,30,30,1,,,,,
Xeno Nimo Hypox;FaDu,EX,N150b056,N150,b,56,,2.0001,,CISPLATIN,0.108,,mg/kg,,q.1.w,INTRAPERITONEAL,,,,SALINE;SODIUM CHLORIDE 0.9%,0.36,ml,,2012-03-08,2012-03-08,37,37,1,,,,,
Xeno Nimo Hypox;FaDu,EX,N150b056,N150,b,56,,2.0002,,CISPLATIN,0.102,,mg/kg,,q.1.w,INTRAPERITONEAL,,,,SALINE;SODIUM CHLORIDE 0.9%,0.34,ml,,2012-03-15,2012-03-15,44,44,1,,,,,
Xeno Nimo Hypox;FaDu,EX,N150b056,N150,b,56,,2.0003,,CISPLATIN,0.108,,mg/kg,,q.1.w,INTRAPERITONEAL,,,,SALINE;SODIUM CHLORIDE 0.9%,0.36,ml,,2012-03-22,2012-03-22,51,51,1,,,,,
Xeno Nimo Hypox;FaDu,EX,N150b056,N150,b,56,,2.0004,,CISPLATIN,0.102,,mg/kg,,q.1.w,INTRAPERITONEAL,,,,SALINE;SODIUM CHLORIDE 0.9%,0.34,ml,,2012-03-29,2012-03-29,58,58,1,,,,,
Xeno Nimo Hypox;FaDu,EX,N150b056,N150,b,56,,2.0005,,CISPLATIN,0.099,,mg/kg,,q.1.w,INTRAPERITONEAL,,,,SALINE;SODIUM CHLORIDE 0.9%,0.33,ml,,2012-04-05,2012-04-05,65,65,1,,,,,
Xeno Nimo Hypox;FaDu,EX,N150b058,N150,b,58,,2.0,,CISPLATIN,0.126,,mg/kg,,q.1.w,INTRAPERITONEAL,,,,SALINE;SODIUM CHLORIDE 0.9%,0.42,ml,,2012-02-16,2012-02-16,16,16,1,,,,,
Xeno Nimo Hypox;FaDu,EX,N150b058,N150,b,58,,2.0001,,CISPLATIN,0.12,,mg/kg,,q.1.w,INTRAPERITONEAL,,,,SALINE;SODIUM CHLORIDE 0.9%,0.4,ml,,2012-02-23,2012-02-23,23,23,1,,,,,
Xeno Nimo Hypox;FaDu,EX,N150b058,N150,b,58,,2.0002,,CISPLATIN,0.123,,mg/kg,,q.1.w,INTRAPERITONEAL,,,,SALINE;SODIUM CHLORIDE 0.9%,0.41,ml,,2012-03-01,2012-03-01,30,30,1,,,,,
Xeno Nimo Hypox;FaDu,EX,N150b058,N150,b,58,,2.0003,,CISPLATIN,0.12,,mg/kg,,q.1.w,INTRAPERITONEAL,,,,SALINE;SODIUM CHLORIDE 0.9%,0.4,ml,,2012-03-08,2012-03-08,37,37,1,,,,,
Xeno Nimo Hypox;FaDu,EX,N150b058,N150,b,58,,2.0004,,CISPLATIN,0.117,,mg/kg,,q.1.w,INTRAPERITONEAL,,,,SALINE;SODIUM CHLORIDE 0.9%,0.39,ml,,2012-03-15,2012-03-15,44,44,1,,,,,
Xeno Nimo Hypox;FaDu,EX,N150b058,N150,b,58,,2.0005,,CISPLATIN,0.114,,mg/kg,,q.1.w,INTRAPERITONEAL,,,,SALINE;SODIUM CHLORIDE 0.9%,0.38,ml,,2012-03-22,2012-03-22,51,51,1,,,,,
Xeno Nimo Hypox;FaDu,EX,N150b069,N150,b,69,,2.0,,CISPLATIN,0.126,,mg/kg,,q.1.w,INTRAPERITONEAL,,,,SALINE;SODIUM CHLORIDE 0.9%,0.42,ml,,2012-02-16,2012-02-16,16,16,1,,,,,
Xeno Nimo Hypox;FaDu,EX,N150b069,N150,b,69,,2.0001,,CISPLATIN,0.12,,mg/kg,,q.1.w,INTRAPERITONEAL,,,,SALINE;SODIUM CHLORIDE 0.9%,0.4,ml,,2012-02-23,2012-02-23,23,23,1,,,,,
Xeno Nimo Hypox;FaDu,EX,N150b069,N150,b,69,,2.0002,,CISPLATIN,0.12,,mg/kg,,q.1.w,INTRAPERITONEAL,,,,SALINE;SODIUM CHLORIDE 0.9%,0.4,ml,,2012-03-01,2012-03-01,30,30,1,,,,,
Xeno Nimo Hypox;FaDu,EX,N150b069,N150,b,69,,2.0003,,CISPLATIN,0.12,,mg/kg,,q.1.w,INTRAPERITONEAL,,,,SALINE;SODIUM CHLORIDE 0.9%,0.4,ml,,2012-03-08,2012-03-08,37,37,1,,,,,
Xeno Nimo Hypox;FaDu,EX,N150b069,N150,b,69,,2.0004,,CISPLATIN,0.12,,mg/kg,,q.1.w,INTRAPERITONEAL,,,,SALINE;SODIUM CHLORIDE 0.9%,0.4,ml,,2012-03-15,2012-03-15,44,44,1,,,,,
Xeno Nimo Hypox;FaDu,EX,N150b069,N150,b,69,,2.0005,,CISPLATIN,0.126,,mg/kg,,q.1.w,INTRAPERITONEAL,,,,SALINE;SODIUM CHLORIDE 0.9%,0.42,ml,,2012-03-22,2012-03-22,51,51,1,,,,,
Xeno Nimo Hypox;FaDu,EX,N150b070,N150,b,70,,2.0,,CISPLATIN,0.108,,mg/kg,,q.1.w,INTRAPERITONEAL,,,,SALINE;SODIUM CHLORIDE 0.9%,0.36,ml,,2012-02-20,2012-02-20,20,20,1,,,,,
Xeno Nimo Hypox;FaDu,EX,N150b070,N150,b,70,,2.0001,,CISPLATIN,0.111,,mg/kg,,q.1.w,INTRAPERITONEAL,,,,SALINE;SODIUM CHLORIDE 0.9%,0.37,ml,,2012-02-27,2012-02-27,27,27,1,,,,,
Xeno Nimo Hypox;FaDu,EX,N150b070,N150,b,70,,2.0002,,CISPLATIN,0.102,,mg/kg,,q.1.w,INTRAPERITONEAL,,,,SALINE;SODIUM CHLORIDE 0.9%,0.34,ml,,2012-03-05,2012-03-05,34,34,1,,,,,
Xeno Nimo Hypox;FaDu,EX,N150b070,N150,b,70,,2.0003,,CISPLATIN,0.105,,mg/kg,,q.1.w,INTRAPERITONEAL,,,,SALINE;SODIUM CHLORIDE 0.9%,0.35,ml,,2012-03-12,2012-03-12,41,41,1,,,,,
Xeno Nimo Hypox;FaDu,EX,N150b070,N150,b,70,,2.0004,,CISPLATIN,0.105,,mg/kg,,q.1.w,INTRAPERITONEAL,,,,SALINE;SODIUM CHLORIDE 0.9%,0.35,ml,,2012-03-19,2012-03-19,48,48,1,,,,,
Xeno Nimo Hypox;FaDu,EX,N150b070,N150,b,70,,2.0005,,CISPLATIN,0.105,,mg/kg,,q.1.w,INTRAPERITONEAL,,,,SALINE;SODIUM CHLORIDE 0.9%,0.35,ml,,2012-03-26,2012-03-26,55,55,1,,,,,
Xeno Nimo Hypox;FaDu,EX,N150b071,N150,b,71,,2.0,,CISPLATIN,0.114,,mg/kg,,q.1.w,INTRAPERITONEAL,,,,SALINE;SODIUM CHLORIDE 0.9%,0.38,ml,,2012-02-23,2012-02-23,23,23,1,,,,,
Xeno Nimo Hypox;FaDu,EX,N150b071,N150,b,71,,2.0001,,CISPLATIN,0.12,,mg/kg,,q.1.w,INTRAPERITONEAL,,,,SALINE;SODIUM CHLORIDE 0.9%,0.4,ml,,2012-03-01,2012-03-01,30,30,1,,,,,
Xeno Nimo Hypox;FaDu,EX,N150b071,N150,b,71,,2.0002,,CISPLATIN,0.114,,mg/kg,,q.1.w,INTRAPERITONEAL,,,,SALINE;SODIUM CHLORIDE 0.9%,0.38,ml,,2012-03-08,2012-03-08,37,37,1,,,,,
Xeno Nimo Hypox;FaDu,EX,N150b071,N150,b,71,,2.0003,,CISPLATIN,0.114,,mg/kg,,q.1.w,INTRAPERITONEAL,,,,SALINE;SODIUM CHLORIDE 0.9%,0.38,ml,,2012-03-15,2012-03-15,44,44,1,,,,,
Xeno Nimo Hypox;FaDu,EX,N150b071,N150,b,71,,2.0004,,CISPLATIN,0.111,,mg/kg,,q.1.w,INTRAPERITONEAL,,,,SALINE;SODIUM CHLORIDE 0.9%,0.37,ml,,2012-03-22,2012-03-22,51,51,1,,,,,
Xeno Nimo Hypox;FaDu,EX,N150b071,N150,b,71,,2.0005,,CISPLATIN,0.105,,mg/kg,,q.1.w,INTRAPERITONEAL,,,,SALINE;SODIUM CHLORIDE 0.9%,0.35,ml,,2012-03-29,2012-03-29,58,58,1,,,,,
Xeno Nimo Hypox;FaDu,EX,N150b072,N150,b,72,,2.0,,CISPLATIN,0.126,,mg/kg,,q.1.w,INTRAPERITONEAL,,,,SALINE;SODIUM CHLORIDE 0.9%,0.42,ml,,2012-02-27,2012-02-27,27,27,1,,,,,
Xeno Nimo Hypox;FaDu,EX,N150b072,N150,b,72,,2.0001,,CISPLATIN,0.123,,mg/kg,,q.1.w,INTRAPERITONEAL,,,,SALINE;SODIUM CHLORIDE 0.9%,0.41,ml,,2012-03-05,2012-03-05,34,34,1,,,,,
Xeno Nimo Hypox;FaDu,EX,N150b072,N150,b,72,,2.0002,,CISPLATIN,0.12,,mg/kg,,q.1.w,INTRAPERITONEAL,,,,SALINE;SODIUM CHLORIDE 0.9%,0.4,ml,,2012-03-12,2012-03-12,41,41,1,,,,,
Xeno Nimo Hypox;FaDu,EX,N150b072,N150,b,72,,2.0003,,CISPLATIN,0.117,,mg/kg,,q.1.w,INTRAPERITONEAL,,,,SALINE;SODIUM CHLORIDE 0.9%,0.39,ml,,2012-03-19,2012-03-19,48,48,1,,,,,
Xeno Nimo Hypox;FaDu,EX,N150b072,N150,b,72,,2.0004,,CISPLATIN,0.12,,mg/kg,,q.1.w,INTRAPERITONEAL,,,,SALINE;SODIUM CHLORIDE 0.9%,0.4,ml,,2012-03-26,2012-03-26,55,55,1,,,,,
Xeno Nimo Hypox;FaDu,EX,N150b072,N150,b,72,,2.0005,,CISPLATIN,0.111,,mg/kg,,q.1.w,INTRAPERITONEAL,,,,SALINE;SODIUM CHLORIDE 0.9%,0.37,ml,,2012-04-02,2012-04-02,62,62,1,,,,,
Xeno Nimo Hypox;FaDu,EX,N150b087,N150,b,87,,2.0,,CISPLATIN,0.096,,mg/kg,,q.1.w,INTRAPERITONEAL,,,,SALINE;SODIUM CHLORIDE 0.9%,0.32,ml,,2012-02-23,2012-02-23,23,23,1,,,,,
Xeno Nimo Hypox;FaDu,EX,N150b087,N150,b,87,,2.0001,,CISPLATIN,0.096,,mg/kg,,q.1.w,INTRAPERITONEAL,,,,SALINE;SODIUM CHLORIDE 0.9%,0.32,ml,,2012-03-01,2012-03-01,30,30,1,,,,,
Xeno Nimo Hypox;FaDu,EX,N150b087,N150,b,87,,2.0002,,CISPLATIN,0.093,,mg/kg,,q.1.w,INTRAPERITONEAL,,,,SALINE;SODIUM CHLORIDE 0.9%,0.31,ml,,2012-03-08,2012-03-08,37,37,1,,,,,
Xeno Nimo Hypox;FaDu,EX,N150b087,N150,b,87,,2.0003,,CISPLATIN,0.093,,mg/kg,,q.1.w,INTRAPERITONEAL,,,,SALINE;SODIUM CHLORIDE 0.9%,0.31,ml,,2012-03-15,2012-03-15,44,44,1,,,,,
Xeno Nimo Hypox;FaDu,EX,N150b087,N150,b,87,,2.0004,,CISPLATIN,0.093,,mg/kg,,q.1.w,INTRAPERITONEAL,,,,SALINE;SODIUM CHLORIDE 0.9%,0.31,ml,,2012-03-22,2012-03-22,51,51,1,,,,,
Xeno Nimo Hypox;FaDu,EX,N150b087,N150,b,87,,2.0005,,CISPLATIN,0.093,,mg/kg,,q.1.w,INTRAPERITONEAL,,,,SALINE;SODIUM CHLORIDE 0.9%,0.31,ml,,2012-03-29,2012-03-29,58,58,1,,,,,
Xeno Nimo Hypox;FaDu,EX,N150b088,N150,b,88,,2.0,,CISPLATIN,0.102,,mg/kg,,q.1.w,INTRAPERITONEAL,,,,SALINE;SODIUM CHLORIDE 0.9%,0.34,ml,,2012-02-27,2012-02-27,27,27,1,,,,,
Xeno Nimo Hypox;FaDu,EX,N150b088,N150,b,88,,2.0001,,CISPLATIN,0.099,,mg/kg,,q.1.w,INTRAPERITONEAL,,,,SALINE;SODIUM CHLORIDE 0.9%,0.33,ml,,2012-03-05,2012-03-05,34,34,1,,,,,
Xeno Nimo Hypox;FaDu,EX,N150b088,N150,b,88,,2.0002,,CISPLATIN,0.099,,mg/kg,,q.1.w,INTRAPERITONEAL,,,,SALINE;SODIUM CHLORIDE 0.9%,0.33,ml,,2012-03-12,2012-03-12,41,41,1,,,,,
Xeno Nimo Hypox;FaDu,EX,N150b088,N150,b,88,,2.0003,,CISPLATIN,0.108,,mg/kg,,q.1.w,INTRAPERITONEAL,,,,SALINE;SODIUM CHLORIDE 0.9%,0.36,ml,,2012-03-19,2012-03-19,48,48,1,,,,,
Xeno Nimo Hypox;FaDu,EX,N150b088,N150,b,88,,2.0004,,CISPLATIN,0.111,,mg/kg,,q.1.w,INTRAPERITONEAL,,,,SALINE;SODIUM CHLORIDE 0.9%,0.37,ml,,2012-03-26,2012-03-26,55,55,1,,,,,
Xeno Nimo Hypox;FaDu,EX,N150b088,N150,b,88,,2.0005,,CISPLATIN,0.105,,mg/kg,,q.1.w,INTRAPERITONEAL,,,,SALINE;SODIUM CHLORIDE 0.9%,0.35,ml,,2012-04-02,2012-04-02,62,62,1,,,,,
Xeno Nimo Hypox;FaDu,EX,N150b089,N150,b,89,,2.0,,CISPLATIN,0.093,,mg/kg,,q.1.w,INTRAPERITONEAL,,,,SALINE;SODIUM CHLORIDE 0.9%,0.31,ml,,2012-02-27,2012-02-27,27,27,1,,,,,
Xeno Nimo Hypox;FaDu,EX,N150b089,N150,b,89,,2.0001,,CISPLATIN,0.09,,mg/kg,,q.1.w,INTRAPERITONEAL,,,,SALINE;SODIUM CHLORIDE 0.9%,0.3,ml,,2012-03-05,2012-03-05,34,34,1,,,,,
Xeno Nimo Hypox;FaDu,EX,N150b089,N150,b,89,,2.0002,,CISPLATIN,0.087,,mg/kg,,q.1.w,INTRAPERITONEAL,,,,SALINE;SODIUM CHLORIDE 0.9%,0.29,ml,,2012-03-12,2012-03-12,41,41,1,,,,,
Xeno Nimo Hypox;FaDu,EX,N150b089,N150,b,89,,2.0003,,CISPLATIN,0.093,,mg/kg,,q.1.w,INTRAPERITONEAL,,,,SALINE;SODIUM CHLORIDE 0.9%,0.31,ml,,2012-03-19,2012-03-19,48,48,1,,,,,
Xeno Nimo Hypox;FaDu,EX,N150b089,N150,b,89,,2.0004,,CISPLATIN,0.096,,mg/kg,,q.1.w,INTRAPERITONEAL,,,,SALINE;SODIUM CHLORIDE 0.9%,0.32,ml,,2012-03-26,2012-03-26,55,55,1,,,,,
Xeno Nimo Hypox;FaDu,EX,N150b089,N150,b,89,,2.0005,,CISPLATIN,0.09,,mg/kg,,q.1.w,INTRAPERITONEAL,,,,SALINE;SODIUM CHLORIDE 0.9%,0.3,ml,,2012-04-02,2012-04-02,62,62,1,,,,,
Xeno Nimo Hypox;FaDu,EX,N150b090,N150,b,90,,2.0,,CISPLATIN,0.09,,mg/kg,,q.1.w,INTRAPERITONEAL,,,,SALINE;SODIUM CHLORIDE 0.9%,0.3,ml,,2012-02-27,2012-02-27,27,27,1,,,,,
Xeno Nimo Hypox;FaDu,EX,N150b090,N150,b,90,,2.0001,,CISPLATIN,0.087,,mg/kg,,q.1.w,INTRAPERITONEAL,,,,SALINE;SODIUM CHLORIDE 0.9%,0.29,ml,,2012-03-05,2012-03-05,34,34,1,,,,,
Xeno Nimo Hypox;FaDu,EX,N150b090,N150,b,90,,2.0002,,CISPLATIN,0.084,,mg/kg,,q.1.w,INTRAPERITONEAL,,,,SALINE;SODIUM CHLORIDE 0.9%,0.28,ml,,2012-03-12,2012-03-12,41,41,1,,,,,
Xeno Nimo Hypox;FaDu,EX,N150b090,N150,b,90,,2.0003,,CISPLATIN,0.087,,mg/kg,,q.1.w,INTRAPERITONEAL,,,,SALINE;SODIUM CHLORIDE 0.9%,0.29,ml,,2012-03-19,2012-03-19,48,48,1,,,,,
Xeno Nimo Hypox;FaDu,EX,N150b090,N150,b,90,,2.0004,,CISPLATIN,0.09,,mg/kg,,q.1.w,INTRAPERITONEAL,,,,SALINE;SODIUM CHLORIDE 0.9%,0.3,ml,,2012-03-26,2012-03-26,55,55,1,,,,,
Xeno Nimo Hypox;FaDu,EX,N150b090,N150,b,90,,2.0005,,CISPLATIN,0.09,,mg/kg,,q.1.w,INTRAPERITONEAL,,,,SALINE;SODIUM CHLORIDE 0.9%,0.3,ml,,2012-04-02,2012-04-02,62,62,1,,,,,
Xeno Nimo Hypox;FaDu,EX,N150b120,N150,b,120,,2.0,,CISPLATIN,0.084,,mg/kg,,q.1.w,INTRAPERITONEAL,,,,SALINE;SODIUM CHLORIDE 0.9%,0.28,ml,,2012-03-05,2012-03-05,34,34,1,,,,,
Xeno Nimo Hypox;FaDu,EX,N150b120,N150,b,120,,2.0001,,CISPLATIN,0.081,,mg/kg,,q.1.w,INTRAPERITONEAL,,,,SALINE;SODIUM CHLORIDE 0.9%,0.27,ml,,2012-03-12,2012-03-12,41,41,1,,,,,
Xeno Nimo Hypox;FaDu,EX,N150b120,N150,b,120,,2.0002,,CISPLATIN,0.078,,mg/kg,,q.1.w,INTRAPERITONEAL,,,,SALINE;SODIUM CHLORIDE 0.9%,0.26,ml,,2012-03-19,2012-03-19,48,48,1,,,,,
Xeno Nimo Hypox;FaDu,EX,N150b120,N150,b,120,,2.0003,,CISPLATIN,0.081,,mg/kg,,q.1.w,INTRAPERITONEAL,,,,SALINE;SODIUM CHLORIDE 0.9%,0.27,ml,,2012-03-26,2012-03-26,55,55,1,,,,,
Xeno Nimo Hypox;FaDu,EX,N150b120,N150,b,120,,2.0004,,CISPLATIN,0.084,,mg/kg,,q.1.w,INTRAPERITONEAL,,,,SALINE;SODIUM CHLORIDE 0.9%,0.28,ml,,2012-04-02,2012-04-02,62,62,1,,,,,
Xeno Nimo Hypox;FaDu,EX,N150b120,N150,b,120,,2.0005,,CISPLATIN,0.081,,mg/kg,,q.1.w,INTRAPERITONEAL,,,,SALINE;SODIUM CHLORIDE 0.9%,0.27,ml,,2012-04-09,2012-04-09,69,69,1,,,,,
Xeno Nimo Hypox;FaDu,EX,N150b121,N150,b,121,,2.0,,CISPLATIN,0.123,,mg/kg,,q.1.w,INTRAPERITONEAL,,,,SALINE;SODIUM CHLORIDE 0.9%,0.41,ml,,2012-03-08,2012-03-08,37,37,1,,,,,
Xeno Nimo Hypox;FaDu,EX,N150b121,N150,b,121,,2.0001,,CISPLATIN,0.132,,mg/kg,,q.1.w,INTRAPERITONEAL,,,,SALINE;SODIUM CHLORIDE 0.9%,0.44,ml,,2012-03-15,2012-03-15,44,44,1,,,,,
Xeno Nimo Hypox;FaDu,EX,N150b121,N150,b,121,,2.0002,,CISPLATIN,0.123,,mg/kg,,q.1.w,INTRAPERITONEAL,,,,SALINE;SODIUM CHLORIDE 0.9%,0.41,ml,,2012-03-22,2012-03-22,51,51,1,,,,,
Xeno Nimo Hypox;FaDu,EX,N150b121,N150,b,121,,2.0003,,CISPLATIN,0.129,,mg/kg,,q.1.w,INTRAPERITONEAL,,,,SALINE;SODIUM CHLORIDE 0.9%,0.43,ml,,2012-03-29,2012-03-29,58,58,1,,,,,
Xeno Nimo Hypox;FaDu,EX,N150b121,N150,b,121,,2.0004,,CISPLATIN,0.123,,mg/kg,,q.1.w,INTRAPERITONEAL,,,,SALINE;SODIUM CHLORIDE 0.9%,0.41,ml,,2012-04-05,2012-04-05,65,65,1,,,,,
Xeno Nimo Hypox;FaDu,EX,N150b121,N150,b,121,,2.0005,,CISPLATIN,0.126,,mg/kg,,q.1.w,INTRAPERITONEAL,,,,SALINE;SODIUM CHLORIDE 0.9%,0.42,ml,,2012-04-12,2012-04-12,72,72,1,,,,,
Xeno Nimo Hypox;FaDu,EX,N150b122,N150,b,122,,2.0,,CISPLATIN,0.111,,mg/kg,,q.1.w,INTRAPERITONEAL,,,,SALINE;SODIUM CHLORIDE 0.9%,0.37,ml,,2012-02-27,2012-02-27,27,27,1,,,,,
Xeno Nimo Hypox;FaDu,EX,N150b122,N150,b,122,,2.0001,,CISPLATIN,0.105,,mg/kg,,q.1.w,INTRAPERITONEAL,,,,SALINE;SODIUM CHLORIDE 0.9%,0.35,ml,,2012-03-05,2012-03-05,34,34,1,,,,,
Xeno Nimo Hypox;FaDu,EX,N150b122,N150,b,122,,2.0002,,CISPLATIN,0.102,,mg/kg,,q.1.w,INTRAPERITONEAL,,,,SALINE;SODIUM CHLORIDE 0.9%,0.34,ml,,2012-03-12,2012-03-12,41,41,1,,,,,
Xeno Nimo Hypox;FaDu,EX,N150b122,N150,b,122,,2.0003,,CISPLATIN,0.111,,mg/kg,,q.1.w,INTRAPERITONEAL,,,,SALINE;SODIUM CHLORIDE 0.9%,0.37,ml,,2012-03-19,2012-03-19,48,48,1,,,,,
Xeno Nimo Hypox;FaDu,EX,N150b122,N150,b,122,,2.0004,,CISPLATIN,0.108,,mg/kg,,q.1.w,INTRAPERITONEAL,,,,SALINE;SODIUM CHLORIDE 0.9%,0.36,ml,,2012-03-26,2012-03-26,55,55,1,,,,,
Xeno Nimo Hypox;FaDu,EX,N150b122,N150,b,122,,2.0005,,CISPLATIN,0.105,,mg/kg,,q.1.w,INTRAPERITONEAL,,,,SALINE;SODIUM CHLORIDE 0.9%,0.35,ml,,2012-04-02,2012-04-02,62,62,1,,,,,
Xeno Nimo Hypox;FaDu,EX,N150b129,N150,b,129,,2.0,,CISPLATIN,0.093,,mg/kg,,q.1.w,INTRAPERITONEAL,,,,SALINE;SODIUM CHLORIDE 0.9%,0.31,ml,,2012-03-26,2012-03-26,55,55,1,,,,,
Xeno Nimo Hypox;FaDu,EX,N150b129,N150,b,129,,2.0001,,CISPLATIN,0.111,,mg/kg,,q.1.w,INTRAPERITONEAL,,,,SALINE;SODIUM CHLORIDE 0.9%,0.37,ml,,2012-04-02,2012-04-02,62,62,1,,,,,
Xeno Nimo Hypox;FaDu,EX,N150b129,N150,b,129,,2.0002,,CISPLATIN,0.114,,mg/kg,,q.1.w,INTRAPERITONEAL,,,,SALINE;SODIUM CHLORIDE 0.9%,0.38,ml,,2012-04-09,2012-04-09,69,69,1,,,,,
Xeno Nimo Hypox;FaDu,EX,N150b129,N150,b,129,,2.0003,,CISPLATIN,0.114,,mg/kg,,q.1.w,INTRAPERITONEAL,,,,SALINE;SODIUM CHLORIDE 0.9%,0.38,ml,,2012-04-16,2012-04-16,76,76,1,,,,,
Xeno Nimo Hypox;FaDu,EX,N150b129,N150,b,129,,2.0004,,CISPLATIN,0.111,,mg/kg,,q.1.w,INTRAPERITONEAL,,,,SALINE;SODIUM CHLORIDE 0.9%,0.37,ml,,2012-04-23,2012-04-23,83,83,1,,,,,
Xeno Nimo Hypox;FaDu,EX,N150b129,N150,b,129,,2.0005,,CISPLATIN,0.111,,mg/kg,,q.1.w,INTRAPERITONEAL,,,,SALINE;SODIUM CHLORIDE 0.9%,0.37,ml,,2012-04-30,2012-04-30,90,90,1,,,,,
Xeno Nimo Hypox;FaDu,EX,N150b130,N150,b,130,,2.0,,CISPLATIN,0.12,,mg/kg,,q.1.w,INTRAPERITONEAL,,,,SALINE;SODIUM CHLORIDE 0.9%,0.4,ml,,2012-02-20,2012-02-20,20,20,1,,,,,
Xeno Nimo Hypox;FaDu,EX,N150b130,N150,b,130,,2.0001,,CISPLATIN,0.126,,mg/kg,,q.1.w,INTRAPERITONEAL,,,,SALINE;SODIUM CHLORIDE 0.9%,0.42,ml,,2012-02-27,2012-02-27,27,27,1,,,,,
Xeno Nimo Hypox;FaDu,EX,N150b130,N150,b,130,,2.0002,,CISPLATIN,0.126,,mg/kg,,q.1.w,INTRAPERITONEAL,,,,SALINE;SODIUM CHLORIDE 0.9%,0.42,ml,,2012-03-05,2012-03-05,34,34,1,,,,,
Xeno Nimo Hypox;FaDu,EX,N150b130,N150,b,130,,2.0003,,CISPLATIN,0.12,,mg/kg,,q.1.w,INTRAPERITONEAL,,,,SALINE;SODIUM CHLORIDE 0.9%,0.4,ml,,2012-03-12,2012-03-12,41,41,1,,,,,
Xeno Nimo Hypox;FaDu,EX,N150b130,N150,b,130,,2.0004,,CISPLATIN,0.129,,mg/kg,,q.1.w,INTRAPERITONEAL,,,,SALINE;SODIUM CHLORIDE 0.9%,0.43,ml,,2012-03-19,2012-03-19,48,48,1,,,,,
Xeno Nimo Hypox;FaDu,EX,N150b130,N150,b,130,,2.0005,,CISPLATIN,0.129,,mg/kg,,q.1.w,INTRAPERITONEAL,,,,SALINE;SODIUM CHLORIDE 0.9%,0.43,ml,,2012-03-26,2012-03-26,55,55,1,,,,,
