STUDYID,DOMAIN,RDOMAIN,USUBJID,PUID,COHORT,SUBJID,POOLID,COSEQ,IDVAR,IDVARVAL,COREF,COVAL,COEVAL,CODTC,CODY
Xeno Nimo Hypox;FaDu,CO,,N150a001,N150,a,1,,3.0,LBSEQ,7.0108;7.0109,,"killed, end of experiment",EJ,2012-07-05,212
Xeno Nimo Hypox;FaDu,CO,,N150a002,N150,a,2,,3.0,LBSEQ,7.0010;7.0011,,prox. 7x65,EJ,2012-01-09,34
Xeno Nimo Hypox;FaDu,CO,,N150a002,N150,a,2,,3.0001,LBSEQ,7.0012;7.0013,,prox. 75x6,EJ,2012-01-12,37
Xeno Nimo Hypox;FaDu,CO,,N150a002,N150,a,2,,3.0002,LBSEQ,7.0014;7.0015,,prox. 75x6,EJ,2012-01-16,41
Xeno Nimo Hypox;FaDu,CO,,N150a002,N150,a,2,,3.0003,LBSEQ,7.0016;7.0017,,prox. 75x6,EJ,2012-01-19,44
Xeno Nimo Hypox;FaDu,CO,,N150a002,N150,a,2,,3.0004,LBSEQ,7.0018;7.0019,,prox. 75x6,EJ,2012-01-23,48
Xeno Nimo Hypox;FaDu,CO,,N150a002,N150,a,2,,3.0005,LBSEQ,7.0020;7.0021,,prox. 75x6,EJ,2012-01-26,51
Xeno Nimo Hypox;FaDu,CO,,N150a002,N150,a,2,,3.0006,LBSEQ,7.0022;7.0023,,prox. 75x6,EJ,2012-01-30,55
Xeno Nimo Hypox;FaDu,CO,,N150a002,N150,a,2,,3.0007,LBSEQ,7.0024;7.0025,,prox. 75x6,EJ,2012-02-02,58
Xeno Nimo Hypox;FaDu,CO,,N150a002,N150,a,2,,3.0008,LBSEQ,7.0026;7.0027,,prox. 45x45,EJ,2012-02-06,62
Xeno Nimo Hypox;FaDu,CO,,N150a002,N150,a,2,,3.0009,LBSEQ,7.0028;7.0029,,Groin 4x4,EJ,2012-02-09,65
Xeno Nimo Hypox;FaDu,CO,,N150a002,N150,a,2,,3.001,LBSEQ,7.0030;7.0031,,Groin 4x4,EJ,2012-02-13,69
Xeno Nimo Hypox;FaDu,CO,,N150a002,N150,a,2,,3.0011,LBSEQ,7.0032;7.0033,,Groin 5x5,KS,2012-02-16,72
Xeno Nimo Hypox;FaDu,CO,,N150a002,N150,a,2,,3.0012,LBSEQ,7.0034;7.0035,,Groin 7x6,EJ,2012-02-20,76
Xeno Nimo Hypox;FaDu,CO,,N150a002,N150,a,2,,3.0013,LBSEQ,7.0036;7.0037,,Groin 9x75,EJ,2012-02-23,79
Xeno Nimo Hypox;FaDu,CO,,N150a002,N150,a,2,,3.0014,LBSEQ,7.0038;7.0039,,Groin 95x9,EJ,2012-02-27,83
Xeno Nimo Hypox;FaDu,CO,,N150a002,N150,a,2,,3.0015,LBSEQ,7.0040;7.0041,,Groin 11x105,EJ,2012-03-01,86
Xeno Nimo Hypox;FaDu,CO,,N150a002,N150,a,2,,3.0016,LBSEQ,7.0042;7.0043,,Groin 11x105,EJ,2012-03-05,90
Xeno Nimo Hypox;FaDu,CO,,N150a002,N150,a,2,,3.0017,LBSEQ,7.0044;7.0045,,Groin 11x11,EJ,2012-03-08,93
Xeno Nimo Hypox;FaDu,CO,,N150a002,N150,a,2,,3.0018,LBSEQ,7.0046;7.0047,,prox. 13x12,EJ,2012-03-12,97
Xeno Nimo Hypox;FaDu,CO,,N150a002,N150,a,2,,3.0019,LBSEQ,7.0048;7.0049,,prox. 13x12,EJ,2012-03-15,100
Xeno Nimo Hypox;FaDu,CO,,N150a002,N150,a,2,,3.002,LBSEQ,7.0050;7.0051,,prox. 135x130,KS,2012-03-19,104
Xeno Nimo Hypox;FaDu,CO,,N150a002,N150,a,2,,3.0021,LBSEQ,7.0052;7.0053,,prox. 135x130,KS,2012-03-22,107
Xeno Nimo Hypox;FaDu,CO,,N150a002,N150,a,2,,3.0022,LBSEQ,7.0054;7.0055,,prox. 13x13,EJ,2012-03-26,111
Xeno Nimo Hypox;FaDu,CO,,N150a002,N150,a,2,,3.0023,LBSEQ,7.0056;7.0057,,prox. 14x13,EJ,2012-03-29,114
Xeno Nimo Hypox;FaDu,CO,,N150a002,N150,a,2,,3.0024,LBSEQ,7.0058;7.0059,,"Epitheliolysis, scar",KS,2012-04-02,118
Xeno Nimo Hypox;FaDu,CO,,N150a002,N150,a,2,,3.0025,LBSEQ,7.0060;7.0061,,"Epitheliolysis, scar",KS,2012-04-05,121
Xeno Nimo Hypox;FaDu,CO,,N150a002,N150,a,2,,3.0026,LBSEQ,7.0062;7.0063,,"Epitheliolysis, scar",EJ,2012-04-10,126
Xeno Nimo Hypox;FaDu,CO,,N150a002,N150,a,2,,3.0027,LBSEQ,7.0064;7.0065,,"Scar, scab",EJ,2012-04-12,128
Xeno Nimo Hypox;FaDu,CO,,N150a002,N150,a,2,,3.0028,LBSEQ,7.0066;7.0067,,"Scar, scab",EJ,2012-04-17,133
Xeno Nimo Hypox;FaDu,CO,,N150a002,N150,a,2,,3.0029,LBSEQ,7.0068;7.0069,,"Scar, scab, prox. 6x6",EJ,2012-04-20,136
Xeno Nimo Hypox;FaDu,CO,,N150a002,N150,a,2,,3.003,LBSEQ,7.0070;7.0071,,"Scar, scab, prox. 6x6",EJ,2012-04-23,139
Xeno Nimo Hypox;FaDu,CO,,N150a002,N150,a,2,,3.0031,LBSEQ,7.0072;7.0073,,"Scar, scab, prox. 6x6",EJ,2012-04-26,142
Xeno Nimo Hypox;FaDu,CO,,N150a002,N150,a,2,,3.0032,LBSEQ,7.0074;7.0075,,Tumor open,KS,2012-04-30,146
Xeno Nimo Hypox;FaDu,CO,,N150a002,N150,a,2,,3.0033,LBSEQ,7.0078;7.0079,,"recurrence, killed, end of experiment, tumor to history",EJ,2012-05-07,153
Xeno Nimo Hypox;FaDu,CO,,N150a003,N150,a,3,,3.0,LBSEQ,7.0000;7.0001,,grown together,EJ,2011-12-22,16
Xeno Nimo Hypox;FaDu,CO,,N150a003,N150,a,3,,3.0001,LBSEQ,7.0056;7.0057,,recurrence,EJ,2012-03-29,114
Xeno Nimo Hypox;FaDu,CO,,N150a003,N150,a,3,,3.0002,LBSEQ,7.0096;7.0097,,killed for final size,KS,2012-06-11,188
Xeno Nimo Hypox;FaDu,CO,,N150a004,N150,a,4,,3.0,LBSEQ,7.0030;7.0031,,flat,KS,2012-02-16,72
Xeno Nimo Hypox;FaDu,CO,,N150a004,N150,a,4,,3.0001,LBSEQ,7.0032;7.0033,,flat,EJ,2012-02-20,76
Xeno Nimo Hypox;FaDu,CO,,N150a004,N150,a,4,,3.0002,LBSEQ,7.0034;7.0035,,"flat, abdominal abscess",EJ,2012-02-23,79
Xeno Nimo Hypox;FaDu,CO,,N150a004,N150,a,4,,3.0003,LBSEQ,7.0036;7.0037,,abdominal abscess,EJ,2012-02-27,83
Xeno Nimo Hypox;FaDu,CO,,N150a004,N150,a,4,,3.0004,LBSEQ,7.0038;7.0039,,abdominal abscess,EJ,2012-03-01,86
Xeno Nimo Hypox;FaDu,CO,,N150a004,N150,a,4,,3.0005,LBSEQ,7.0040;7.0041,,abdominal abscess,EJ,2012-03-05,90
Xeno Nimo Hypox;FaDu,CO,,N150a004,N150,a,4,,3.0006,LBSEQ,7.0042;7.0043,,abdominal abscess,EJ,2012-03-08,93
Xeno Nimo Hypox;FaDu,CO,,N150a004,N150,a,4,,3.0007,LBSEQ,7.0052;7.0053,,flat,EJ,2012-03-26,111
Xeno Nimo Hypox;FaDu,CO,,N150a004,N150,a,4,,3.0008,LBSEQ,7.0054;7.0055,,flat,EJ,2012-03-29,114
Xeno Nimo Hypox;FaDu,CO,,N150a004,N150,a,4,,3.0009,LBSEQ,7.0056;7.0057,,flat,KS,2012-04-02,118
Xeno Nimo Hypox;FaDu,CO,,N150a004,N150,a,4,,3.001,LBSEQ,7.0108;7.0109,,"killed, end of experiment",EJ,2012-07-05,212
Xeno Nimo Hypox;FaDu,CO,,N150a027,N150,a,27,,3.0,LBSEQ,7.0000;7.0001,,p prox.,KS,2011-12-26,20
Xeno Nimo Hypox;FaDu,CO,,N150a027,N150,a,27,,3.0001,LBSEQ,7.0004;7.0005,,prox. 4x4,EJ,2012-01-02,27
Xeno Nimo Hypox;FaDu,CO,,N150a027,N150,a,27,,3.0002,LBSEQ,7.0006;7.0007,,prox. 6x6,EJ,2012-01-05,30
Xeno Nimo Hypox;FaDu,CO,,N150a027,N150,a,27,,3.0003,LBSEQ,7.0008;7.0009,,prox. 6x6,EJ,2012-01-09,34
Xeno Nimo Hypox;FaDu,CO,,N150a027,N150,a,27,,3.0004,LBSEQ,7.0010;7.0011,,prox. 6x6,EJ,2012-01-12,37
Xeno Nimo Hypox;FaDu,CO,,N150a027,N150,a,27,,3.0005,LBSEQ,7.0012;7.0013,,prox. 6x6,EJ,2012-01-16,41
Xeno Nimo Hypox;FaDu,CO,,N150a027,N150,a,27,,3.0006,LBSEQ,7.0014;7.0015,,prox. 5x5,EJ,2012-01-19,44
Xeno Nimo Hypox;FaDu,CO,,N150a027,N150,a,27,,3.0007,LBSEQ,7.0016;7.0017,,"prox. 5x5, general health state",EJ,2012-01-23,48
Xeno Nimo Hypox;FaDu,CO,,N150a027,N150,a,27,,3.0008,LBSEQ,7.0018;7.0019,,"prox. 5x5, general health state",EJ,2012-01-26,51
Xeno Nimo Hypox;FaDu,CO,,N150a027,N150,a,27,,3.0009,LBSEQ,7.0020;7.0021,,prox. 4x4,EJ,2012-01-30,55
Xeno Nimo Hypox;FaDu,CO,,N150a027,N150,a,27,,3.001,LBSEQ,7.0022;7.0023,,prox. 4x4,EJ,2012-02-02,58
Xeno Nimo Hypox;FaDu,CO,,N150a027,N150,a,27,,3.0011,LBSEQ,7.0024;7.0025,,prox. 4x4,EJ,2012-02-06,62
Xeno Nimo Hypox;FaDu,CO,,N150a027,N150,a,27,,3.0012,LBSEQ,7.0026;7.0027,,"general health state, prox. 35x35",EJ,2012-02-09,65
Xeno Nimo Hypox;FaDu,CO,,N150a027,N150,a,27,,3.0013,LBSEQ,7.0028;7.0029,,"general health state, prox. 35x35",EJ,2012-02-13,69
Xeno Nimo Hypox;FaDu,CO,,N150a027,N150,a,27,,3.0014,LBSEQ,7.0030;7.0031,,"general health state, prox. 35x35",KS,2012-02-16,72
Xeno Nimo Hypox;FaDu,CO,,N150a027,N150,a,27,,3.0015,LBSEQ,7.0032;7.0033,,"general health state, prox. 35x35",EJ,2012-02-20,76
Xeno Nimo Hypox;FaDu,CO,,N150a027,N150,a,27,,3.0016,LBSEQ,7.0034;7.0035,,"general health state, prox. 3x3",EJ,2012-02-23,79
Xeno Nimo Hypox;FaDu,CO,,N150a027,N150,a,27,,3.0017,LBSEQ,7.0036;7.0037,,"general health state, prox. 3x3",EJ,2012-02-27,83
Xeno Nimo Hypox;FaDu,CO,,N150a027,N150,a,27,,3.0018,LBSEQ,7.0038;7.0039,,"general health state, prox. 3x3",EJ,2012-03-01,86
Xeno Nimo Hypox;FaDu,CO,,N150a027,N150,a,27,,3.0019,LBSEQ,7.0040;7.0041,,"general health state, prox. 3x3",EJ,2012-03-05,90
Xeno Nimo Hypox;FaDu,CO,,N150a027,N150,a,27,,3.002,LBSEQ,7.0042;7.0043,,"general health state, prox. 3x3",EJ,2012-03-08,93
Xeno Nimo Hypox;FaDu,CO,,N150a027,N150,a,27,,3.0021,LBSEQ,7.0044;7.0045,,general health state,EJ,2012-03-12,97
Xeno Nimo Hypox;FaDu,CO,,N150a027,N150,a,27,,3.0022,LBSEQ,7.0046;7.0047,,general health state,EJ,2012-03-15,100
Xeno Nimo Hypox;FaDu,CO,,N150a027,N150,a,27,,3.0023,LBSEQ,7.0048;7.0049,,general health state,KS,2012-03-19,104
Xeno Nimo Hypox;FaDu,CO,,N150a027,N150,a,27,,3.0024,LBSEQ,7.0050;7.0051,,general health state,KS,2012-03-22,107
Xeno Nimo Hypox;FaDu,CO,,N150a027,N150,a,27,,3.0025,LBSEQ,7.0052;7.0053,,general health state,EJ,2012-03-26,111
Xeno Nimo Hypox;FaDu,CO,,N150a027,N150,a,27,,3.0026,LBSEQ,7.0054;7.0055,,general health state,EJ,2012-03-29,114
Xeno Nimo Hypox;FaDu,CO,,N150a027,N150,a,27,,3.0027,LBSEQ,7.0056;7.0057,,general health state,KS,2012-04-02,118
Xeno Nimo Hypox;FaDu,CO,,N150a027,N150,a,27,,3.0028,LBSEQ,7.0058;7.0059,,dead in cage,KS,2012-04-05,121
Xeno Nimo Hypox;FaDu,CO,,N150a028,N150,a,28,,3.0,LBSEQ,7.0004;7.0005,,Scab on tumor,EJ,2012-01-16,41
Xeno Nimo Hypox;FaDu,CO,,N150a028,N150,a,28,,3.0001,LBSEQ,7.0006;7.0007,,"Scab on tumor, general health state",EJ,2012-01-19,44
Xeno Nimo Hypox;FaDu,CO,,N150a028,N150,a,28,,3.0002,LBSEQ,7.0008;7.0009,,"general health state, ulcer 1",EJ,2012-01-23,48
Xeno Nimo Hypox;FaDu,CO,,N150a028,N150,a,28,,3.0003,LBSEQ,7.0010;7.0011,,"Ulcer 2, prox. 105x2",EJ,2012-01-26,51
Xeno Nimo Hypox;FaDu,CO,,N150a028,N150,a,28,,3.0004,LBSEQ,7.0012;7.0013,,prox. 115x11,EJ,2012-01-30,55
Xeno Nimo Hypox;FaDu,CO,,N150a028,N150,a,28,,3.0005,LBSEQ,7.0014;7.0015,,prox. 125x115,EJ,2012-02-02,58
Xeno Nimo Hypox;FaDu,CO,,N150a028,N150,a,28,,3.0006,LBSEQ,7.0016;7.0017,,"prox. 12x105, scab",EJ,2012-02-06,62
Xeno Nimo Hypox;FaDu,CO,,N150a028,N150,a,28,,3.0007,LBSEQ,7.0018;7.0019,,Groin 11x10,EJ,2012-02-09,65
Xeno Nimo Hypox;FaDu,CO,,N150a028,N150,a,28,,3.0008,LBSEQ,7.0028;7.0029,,Snout abscess,EJ,2012-02-27,83
Xeno Nimo Hypox;FaDu,CO,,N150a028,N150,a,28,,3.0009,LBSEQ,7.0030;7.0031,,Snout abscess,EJ,2012-03-01,86
Xeno Nimo Hypox;FaDu,CO,,N150a028,N150,a,28,,3.001,LBSEQ,7.0032;7.0033,,Snout abscess,EJ,2012-03-05,90
Xeno Nimo Hypox;FaDu,CO,,N150a028,N150,a,28,,3.0011,LBSEQ,7.0034;7.0035,,"Snout abscess, general health state",EJ,2012-03-08,93
Xeno Nimo Hypox;FaDu,CO,,N150a028,N150,a,28,,3.0012,LBSEQ,7.0036;7.0037,,Snout abscess,EJ,2012-03-12,97
Xeno Nimo Hypox;FaDu,CO,,N150a028,N150,a,28,,3.0013,LBSEQ,7.0038;7.0039,,Snout abscess,EJ,2012-03-15,100
Xeno Nimo Hypox;FaDu,CO,,N150a028,N150,a,28,,3.0014,LBSEQ,7.0040;7.0041,,Snout abscess,KS,2012-03-19,104
Xeno Nimo Hypox;FaDu,CO,,N150a028,N150,a,28,,3.0015,LBSEQ,7.0054;7.0055,,Snout abscess,EJ,2012-04-12,128
Xeno Nimo Hypox;FaDu,CO,,N150a028,N150,a,28,,3.0016,LBSEQ,7.0056;7.0057,,Snout abscess,EJ,2012-04-17,133
Xeno Nimo Hypox;FaDu,CO,,N150a028,N150,a,28,,3.0017,LBSEQ,7.0058;7.0059,,"Snout abscess, general health state",EJ,2012-04-20,136
Xeno Nimo Hypox;FaDu,CO,,N150a028,N150,a,28,,3.0018,LBSEQ,7.0060;7.0061,,general health state,EJ,2012-04-23,139
Xeno Nimo Hypox;FaDu,CO,,N150a028,N150,a,28,,3.0019,LBSEQ,7.0062;7.0063,,general health state,EJ,2012-04-26,142
Xeno Nimo Hypox;FaDu,CO,,N150a028,N150,a,28,,3.002,LBSEQ,7.0064;7.0065,,"general health state, groin 4x4",KS,2012-04-30,146
Xeno Nimo Hypox;FaDu,CO,,N150a028,N150,a,28,,3.0021,LBSEQ,7.0066;7.0067,,Groin 4x4,KS,2012-05-03,149
Xeno Nimo Hypox;FaDu,CO,,N150a028,N150,a,28,,3.0022,LBSEQ,7.0068;7.0069,,Groin 5x3,EJ,2012-05-07,153
Xeno Nimo Hypox;FaDu,CO,,N150a028,N150,a,28,,3.0023,LBSEQ,7.0070;7.0071,,"Groin 5x3, General health state",EJ,2012-05-10,156
Xeno Nimo Hypox;FaDu,CO,,N150a028,N150,a,28,,3.0024,LBSEQ,7.0074;7.0075,,Groin 55x45,KS,2012-05-18,164
Xeno Nimo Hypox;FaDu,CO,,N150a028,N150,a,28,,3.0025,LBSEQ,7.0076;7.0077,,Groin 55x45,KS,2012-05-21,167
Xeno Nimo Hypox;FaDu,CO,,N150a028,N150,a,28,,3.0026,LBSEQ,7.0078;7.0079,,Groin 55x45,KS,2012-05-24,170
Xeno Nimo Hypox;FaDu,CO,,N150a028,N150,a,28,,3.0027,LBSEQ,7.0080;7.0081,,Groin 7x6,KS,2012-05-30,176
Xeno Nimo Hypox;FaDu,CO,,N150a028,N150,a,28,,3.0028,LBSEQ,7.0082;7.0083,,"Groin 7x6, Scab on tumor",EJ,2012-06-04,181
Xeno Nimo Hypox;FaDu,CO,,N150a028,N150,a,28,,3.0029,LBSEQ,7.0084;7.0085,,Scab on tumor,EJ,2012-06-07,184
Xeno Nimo Hypox;FaDu,CO,,N150a028,N150,a,28,,3.003,LBSEQ,7.0086;7.0087,,Groin 7x5,KS,2012-06-11,188
Xeno Nimo Hypox;FaDu,CO,,N150a028,N150,a,28,,3.0031,LBSEQ,7.0088;7.0089,,Groin 7x5,KS,2012-06-14,191
Xeno Nimo Hypox;FaDu,CO,,N150a028,N150,a,28,,3.0032,LBSEQ,7.0090;7.0091,,Groin 6x45,EJ,2012-06-18,195
Xeno Nimo Hypox;FaDu,CO,,N150a028,N150,a,28,,3.0033,LBSEQ,7.0092;7.0093,,Groin 6x45,EJ,2012-06-21,198
Xeno Nimo Hypox;FaDu,CO,,N150a028,N150,a,28,,3.0034,LBSEQ,7.0094;7.0095,,"Groin 75x50, snout abscess",KS,2012-06-25,202
Xeno Nimo Hypox;FaDu,CO,,N150a028,N150,a,28,,3.0035,LBSEQ,7.0096;7.0097,,"Groin 75x65, snout abscess",KS,2012-06-28,205
Xeno Nimo Hypox;FaDu,CO,,N150a028,N150,a,28,,3.0036,LBSEQ,7.0098;7.0099,,"Groin 8x6, snout abscess",EJ,2012-07-02,209
Xeno Nimo Hypox;FaDu,CO,,N150a028,N150,a,28,,3.0037,LBSEQ,7.0100;7.0101,,"Groin 8x6, snout abscess, killed, end of experiment",EJ,2012-07-05,212
Xeno Nimo Hypox;FaDu,CO,,N150a029,N150,a,29,,3.0,LBSEQ,7.0048;7.0049,,general health state,EJ,2012-03-26,111
Xeno Nimo Hypox;FaDu,CO,,N150a029,N150,a,29,,3.0001,LBSEQ,7.0050;7.0051,,general health state,EJ,2012-03-29,114
Xeno Nimo Hypox;FaDu,CO,,N150a029,N150,a,29,,3.0002,LBSEQ,7.0056;7.0057,,dead in cage,EJ,2012-04-10,126
Xeno Nimo Hypox;FaDu,CO,,N150a030,N150,a,30,,3.0,LBSEQ,7.0010;7.0011,,Scab on tumor,EJ,2012-01-09,34
Xeno Nimo Hypox;FaDu,CO,,N150a030,N150,a,30,,3.0001,LBSEQ,7.0012;7.0013,,Scab on tumor,EJ,2012-01-12,37
Xeno Nimo Hypox;FaDu,CO,,N150a030,N150,a,30,,3.0002,LBSEQ,7.0014;7.0015,,Scab on tumor,EJ,2012-01-16,41
Xeno Nimo Hypox;FaDu,CO,,N150a030,N150,a,30,,3.0003,LBSEQ,7.0016;7.0017,,"Scab on tumor, general health state",EJ,2012-01-19,44
Xeno Nimo Hypox;FaDu,CO,,N150a030,N150,a,30,,3.0004,LBSEQ,7.0018;7.0019,,general health state,EJ,2012-01-23,48
Xeno Nimo Hypox;FaDu,CO,,N150a030,N150,a,30,,3.0005,LBSEQ,7.0020;7.0021,,general health state,EJ,2012-01-26,51
Xeno Nimo Hypox;FaDu,CO,,N150a030,N150,a,30,,3.0006,LBSEQ,7.0022;7.0023,,general health state,EJ,2012-01-30,55
Xeno Nimo Hypox;FaDu,CO,,N150a030,N150,a,30,,3.0007,LBSEQ,7.0024;7.0025,,"general health state, scab on tumor",EJ,2012-02-02,58
Xeno Nimo Hypox;FaDu,CO,,N150a030,N150,a,30,,3.0008,LBSEQ,7.0026;7.0027,,Scab on tumor,EJ,2012-02-06,62
Xeno Nimo Hypox;FaDu,CO,,N150a030,N150,a,30,,3.0009,LBSEQ,7.0030;7.0031,,Ulcer 1,EJ,2012-02-13,69
Xeno Nimo Hypox;FaDu,CO,,N150a030,N150,a,30,,3.001,LBSEQ,7.0034;7.0035,,"Ulcer 1, bloody, recurrence",EJ,2012-02-20,76
Xeno Nimo Hypox;FaDu,CO,,N150a030,N150,a,30,,3.0011,LBSEQ,7.0036;7.0037,,"Ulcer 1, bloody",EJ,2012-02-23,79
Xeno Nimo Hypox;FaDu,CO,,N150a030,N150,a,30,,3.0012,LBSEQ,7.0038;7.0039,,Ulcer 1,EJ,2012-02-27,83
Xeno Nimo Hypox;FaDu,CO,,N150a030,N150,a,30,,3.0013,LBSEQ,7.0040;7.0041,,Ulcer 1,EJ,2012-03-01,86
Xeno Nimo Hypox;FaDu,CO,,N150a030,N150,a,30,,3.0014,LBSEQ,7.0042;7.0043,,Ulcer 1,EJ,2012-03-05,90
Xeno Nimo Hypox;FaDu,CO,,N150a030,N150,a,30,,3.0015,LBSEQ,7.0044;7.0045,,Ulcer 1,EJ,2012-03-08,93
Xeno Nimo Hypox;FaDu,CO,,N150a030,N150,a,30,,3.0016,LBSEQ,7.0046;7.0047,,Ulcer 2,EJ,2012-03-12,97
Xeno Nimo Hypox;FaDu,CO,,N150a030,N150,a,30,,3.0017,LBSEQ,7.0048;7.0049,,Ulcer 2,EJ,2012-03-15,100
Xeno Nimo Hypox;FaDu,CO,,N150a030,N150,a,30,,3.0018,LBSEQ,7.0050;7.0051,,Scab on tumor,KS,2012-03-19,104
Xeno Nimo Hypox;FaDu,CO,,N150a030,N150,a,30,,3.0019,LBSEQ,7.0052;7.0053,,"Scab on tumor, killed for final size",KS,2012-03-22,107
Xeno Nimo Hypox;FaDu,CO,,N150b053,N150,b,53,,3.0,LBSEQ,7.0006;7.0007,,Scab on tumor,EJ,2012-03-08,37
Xeno Nimo Hypox;FaDu,CO,,N150b053,N150,b,53,,3.0001,LBSEQ,7.0008;7.0009,,Scab on tumor,EJ,2012-03-12,41
Xeno Nimo Hypox;FaDu,CO,,N150b053,N150,b,53,,3.0002,LBSEQ,7.0010;7.0011,,Ulcer 1,EJ,2012-03-15,44
Xeno Nimo Hypox;FaDu,CO,,N150b053,N150,b,53,,3.0003,LBSEQ,7.0012;7.0013,,Scab on tumor,EJ,2012-03-19,48
Xeno Nimo Hypox;FaDu,CO,,N150b053,N150,b,53,,3.0004,LBSEQ,7.0014;7.0015,,Scab on tumor,EJ,2012-03-22,51
Xeno Nimo Hypox;FaDu,CO,,N150b053,N150,b,53,,3.0005,LBSEQ,7.0090;7.0091,,"killed, end of experiment",EJ,2012-09-06,219
Xeno Nimo Hypox;FaDu,CO,,N150b056,N150,b,56,,3.0,LBSEQ,7.0002;7.0003,,Scab on tumor,EJ,2012-03-05,34
Xeno Nimo Hypox;FaDu,CO,,N150b056,N150,b,56,,3.0001,LBSEQ,7.0004;7.0005,,Scab on tumor,EJ,2012-03-08,37
Xeno Nimo Hypox;FaDu,CO,,N150b056,N150,b,56,,3.0002,LBSEQ,7.0006;7.0007,,Scab on tumor,EJ,2012-03-12,41
Xeno Nimo Hypox;FaDu,CO,,N150b056,N150,b,56,,3.0003,LBSEQ,7.0008;7.0009,,"Scab on tumor, p prox.",EJ,2012-03-15,44
Xeno Nimo Hypox;FaDu,CO,,N150b056,N150,b,56,,3.0004,LBSEQ,7.0010;7.0011,,"Scab on tumor, p prox.",EJ,2012-03-19,48
Xeno Nimo Hypox;FaDu,CO,,N150b056,N150,b,56,,3.0005,LBSEQ,7.0012;7.0013,,p prox.,EJ,2012-03-22,51
Xeno Nimo Hypox;FaDu,CO,,N150b056,N150,b,56,,3.0006,LBSEQ,7.0014;7.0015,,"p prox., scar",EJ,2012-03-26,55
Xeno Nimo Hypox;FaDu,CO,,N150b056,N150,b,56,,3.0007,LBSEQ,7.0016;7.0017,,p prox.,EJ,2012-03-29,58
Xeno Nimo Hypox;FaDu,CO,,N150b056,N150,b,56,,3.0008,LBSEQ,7.0018;7.0019,,p prox.,EJ,2012-04-02,68
Xeno Nimo Hypox;FaDu,CO,,N150b056,N150,b,56,,3.0009,LBSEQ,7.0020;7.0021,,p prox.,EJ,2012-04-05,65
Xeno Nimo Hypox;FaDu,CO,,N150b056,N150,b,56,,3.001,LBSEQ,7.0022;7.0023,,p prox.,EJ,2012-04-09,69
Xeno Nimo Hypox;FaDu,CO,,N150b056,N150,b,56,,3.0011,LBSEQ,7.0024;7.0025,,p prox.,EJ,2012-04-12,72
Xeno Nimo Hypox;FaDu,CO,,N150b056,N150,b,56,,3.0012,LBSEQ,7.0026;7.0027,,p prox.,EJ,2012-04-16,76
Xeno Nimo Hypox;FaDu,CO,,N150b056,N150,b,56,,3.0013,LBSEQ,7.0028;7.0029,,p prox.,EJ,2012-04-19,79
Xeno Nimo Hypox;FaDu,CO,,N150b056,N150,b,56,,3.0014,LBSEQ,7.0030;7.0031,,p prox.,EJ,2012-04-23,83
Xeno Nimo Hypox;FaDu,CO,,N150b056,N150,b,56,,3.0015,LBSEQ,7.0032;7.0033,,p prox.,EJ,2012-04-26,86
Xeno Nimo Hypox;FaDu,CO,,N150b056,N150,b,56,,3.0016,LBSEQ,7.0034;7.0035,,p prox.,EJ,2012-04-30,90
Xeno Nimo Hypox;FaDu,CO,,N150b056,N150,b,56,,3.0017,LBSEQ,7.0036;7.0037,,p prox.,EJ,2012-05-03,93
Xeno Nimo Hypox;FaDu,CO,,N150b056,N150,b,56,,3.0018,LBSEQ,7.0038;7.0039,,p prox.,EJ,2012-05-07,97
Xeno Nimo Hypox;FaDu,CO,,N150b056,N150,b,56,,3.0019,LBSEQ,7.0044;7.0045,,anal prolapse,KS,2012-05-18,108
Xeno Nimo Hypox;FaDu,CO,,N150b056,N150,b,56,,3.002,LBSEQ,7.0084;7.0085,,general health state,EJ,2012-08-23,205
Xeno Nimo Hypox;FaDu,CO,,N150b056,N150,b,56,,3.0021,LBSEQ,7.0086;7.0087,,general health state,EJ,2012-08-30,212
Xeno Nimo Hypox;FaDu,CO,,N150b056,N150,b,56,,3.0022,LBSEQ,7.0088;7.0089,,"general health state, killed, end of experiment",EJ,2012-09-06,219
Xeno Nimo Hypox;FaDu,CO,,N150b058,N150,b,58,,3.0,LBSEQ,7.0042;7.0043,,killed for final size,EJ,2012-04-30,90
Xeno Nimo Hypox;FaDu,CO,,N150b069,N150,b,69,,3.0,LBSEQ,7.0004;7.0005,,Cyst,EJ,2012-02-23,23
Xeno Nimo Hypox;FaDu,CO,,N150b069,N150,b,69,,3.0001,LBSEQ,7.0006;7.0007,,Scab on tumor,EJ,2012-02-27,27
Xeno Nimo Hypox;FaDu,CO,,N150b069,N150,b,69,,3.0002,LBSEQ,7.0008;7.0009,,Scab on tumor,EJ,2012-03-01,30
Xeno Nimo Hypox;FaDu,CO,,N150b069,N150,b,69,,3.0003,LBSEQ,7.0010;7.0011,,Scab on tumor,EJ,2012-03-05,34
Xeno Nimo Hypox;FaDu,CO,,N150b069,N150,b,69,,3.0004,LBSEQ,7.0012;7.0013,,Scab on tumor,EJ,2012-03-08,37
Xeno Nimo Hypox;FaDu,CO,,N150b069,N150,b,69,,3.0005,LBSEQ,7.0014;7.0015,,Scab on tumor,EJ,2012-03-12,41
Xeno Nimo Hypox;FaDu,CO,,N150b069,N150,b,69,,3.0006,LBSEQ,7.0016;7.0017,,"Scab on tumor, scar",EJ,2012-03-15,44
Xeno Nimo Hypox;FaDu,CO,,N150b069,N150,b,69,,3.0007,LBSEQ,7.0018;7.0019,,Scar,EJ,2012-03-19,48
Xeno Nimo Hypox;FaDu,CO,,N150b069,N150,b,69,,3.0008,LBSEQ,7.0020;7.0021,,Scar,EJ,2012-03-22,51
Xeno Nimo Hypox;FaDu,CO,,N150b069,N150,b,69,,3.0009,LBSEQ,7.0022;7.0023,,Scar,EJ,2012-03-26,55
Xeno Nimo Hypox;FaDu,CO,,N150b069,N150,b,69,,3.001,LBSEQ,7.0024;7.0025,,Scar,EJ,2012-03-29,58
Xeno Nimo Hypox;FaDu,CO,,N150b069,N150,b,69,,3.0011,LBSEQ,7.0026;7.0027,,Scar,EJ,2012-04-02,68
Xeno Nimo Hypox;FaDu,CO,,N150b069,N150,b,69,,3.0012,LBSEQ,7.0028;7.0029,,Scar,EJ,2012-04-05,65
Xeno Nimo Hypox;FaDu,CO,,N150b069,N150,b,69,,3.0013,LBSEQ,7.0046;7.0047,,Scar,EJ,2012-05-07,97
Xeno Nimo Hypox;FaDu,CO,,N150b069,N150,b,69,,3.0014,LBSEQ,7.0068;7.0069,,general health state,EJ,2012-06-18,139
Xeno Nimo Hypox;FaDu,CO,,N150b069,N150,b,69,,3.0015,LBSEQ,7.0072;7.0073,,dead in cage,EJ,2012-06-22,143
Xeno Nimo Hypox;FaDu,CO,,N150b070,N150,b,70,,3.0,LBSEQ,7.0036;7.0037,,Groin 8x7,EJ,2012-04-23,83
Xeno Nimo Hypox;FaDu,CO,,N150b070,N150,b,70,,3.0001,LBSEQ,7.0038;7.0039,,Groin 8x7,EJ,2012-04-26,86
Xeno Nimo Hypox;FaDu,CO,,N150b070,N150,b,70,,3.0002,LBSEQ,7.0040;7.0041,,Groin 8x7,EJ,2012-04-30,90
Xeno Nimo Hypox;FaDu,CO,,N150b070,N150,b,70,,3.0003,LBSEQ,7.0042;7.0043,,Groin 8x7,EJ,2012-05-03,93
Xeno Nimo Hypox;FaDu,CO,,N150b070,N150,b,70,,3.0004,LBSEQ,7.0058;7.0059,,general health state,EJ,2012-06-04,125
Xeno Nimo Hypox;FaDu,CO,,N150b070,N150,b,70,,3.0005,LBSEQ,7.0060;7.0061,,general health state,EJ,2012-06-07,128
Xeno Nimo Hypox;FaDu,CO,,N150b070,N150,b,70,,3.0006,LBSEQ,7.0062;7.0063,,general health state,KS,2012-06-11,132
Xeno Nimo Hypox;FaDu,CO,,N150b070,N150,b,70,,3.0007,LBSEQ,7.0064;7.0065,,dead in cage,KS,2012-06-14,135
Xeno Nimo Hypox;FaDu,CO,,N150b071,N150,b,71,,3.0,LBSEQ,7.0038;7.0039,,Recurrence,EJ,2012-04-30,90
Xeno Nimo Hypox;FaDu,CO,,N150b071,N150,b,71,,3.0001,LBSEQ,7.0044;7.0045,,Ulcer 2,EJ,2012-05-10,100
Xeno Nimo Hypox;FaDu,CO,,N150b071,N150,b,71,,3.0002,LBSEQ,7.0046;7.0047,,"Scab on tumor, ulcer 3",KS,2012-05-14,104
Xeno Nimo Hypox;FaDu,CO,,N150b071,N150,b,71,,3.0003,LBSEQ,7.0048;7.0049,,Ulcer 3,KS,2012-05-18,108
Xeno Nimo Hypox;FaDu,CO,,N150b071,N150,b,71,,3.0004,LBSEQ,7.0050;7.0051,,Ulcer 3,KS,2012-05-21,111
Xeno Nimo Hypox;FaDu,CO,,N150b071,N150,b,71,,3.0005,LBSEQ,7.0052;7.0053,,Ulcer 3,KS,2012-05-24,114
Xeno Nimo Hypox;FaDu,CO,,N150b071,N150,b,71,,3.0006,LBSEQ,7.0054;7.0055,,Ulcer 8,KS,2012-05-29,119
Xeno Nimo Hypox;FaDu,CO,,N150b071,N150,b,71,,3.0007,LBSEQ,7.0056;7.0057,,Ulcer 8,EJ,2012-06-04,125
Xeno Nimo Hypox;FaDu,CO,,N150b071,N150,b,71,,3.0008,LBSEQ,7.0058;7.0059,,"Ulcer 8, killed for final size",EJ,2012-06-07,128
Xeno Nimo Hypox;FaDu,CO,,N150b072,N150,b,72,,3.0,LBSEQ,7.0004;7.0005,,Cyst,EJ,2012-03-05,34
Xeno Nimo Hypox;FaDu,CO,,N150b072,N150,b,72,,3.0001,LBSEQ,7.0006;7.0007,,Cyst,EJ,2012-03-08,37
Xeno Nimo Hypox;FaDu,CO,,N150b072,N150,b,72,,3.0002,LBSEQ,7.0008;7.0009,,Ulcer 2,EJ,2012-03-12,41
Xeno Nimo Hypox;FaDu,CO,,N150b072,N150,b,72,,3.0003,LBSEQ,7.0010;7.0011,,Ulcer 2,EJ,2012-03-15,44
Xeno Nimo Hypox;FaDu,CO,,N150b072,N150,b,72,,3.0004,LBSEQ,7.0012;7.0013,,Ulcer 2,EJ,2012-03-19,48
Xeno Nimo Hypox;FaDu,CO,,N150b072,N150,b,72,,3.0005,LBSEQ,7.0016;7.0017,,Scar,EJ,2012-03-26,55
Xeno Nimo Hypox;FaDu,CO,,N150b072,N150,b,72,,3.0006,LBSEQ,7.0018;7.0019,,Scar,EJ,2012-03-29,58
Xeno Nimo Hypox;FaDu,CO,,N150b072,N150,b,72,,3.0007,LBSEQ,7.0020;7.0021,,Scar,EJ,2012-04-02,68
Xeno Nimo Hypox;FaDu,CO,,N150b072,N150,b,72,,3.0008,LBSEQ,7.0022;7.0023,,Scar,EJ,2012-04-05,65
Xeno Nimo Hypox;FaDu,CO,,N150b072,N150,b,72,,3.0009,LBSEQ,7.0090;7.0091,,"killed, end of experiment",EJ,2012-09-06,219
Xeno Nimo Hypox;FaDu,CO,,N150b087,N150,b,87,,3.0,LBSEQ,7.0028;7.0029,,flat,EJ,2012-04-12,72
Xeno Nimo Hypox;FaDu,CO,,N150b087,N150,b,87,,3.0001,LBSEQ,7.0030;7.0031,,flat,EJ,2012-04-16,76
Xeno Nimo Hypox;FaDu,CO,,N150b087,N150,b,87,,3.0002,LBSEQ,7.0032;7.0033,,flat,EJ,2012-04-19,79
Xeno Nimo Hypox;FaDu,CO,,N150b087,N150,b,87,,3.0003,LBSEQ,7.0034;7.0035,,flat,EJ,2012-04-23,83
Xeno Nimo Hypox;FaDu,CO,,N150b087,N150,b,87,,3.0004,LBSEQ,7.0088;7.0089,,mini,EJ,2012-08-23,205
Xeno Nimo Hypox;FaDu,CO,,N150b087,N150,b,87,,3.0005,LBSEQ,7.0092;7.0093,,"killed, end of experiment",EJ,2012-09-06,219
Xeno Nimo Hypox;FaDu,CO,,N150b088,N150,b,88,,3.0,LBSEQ,7.0014;7.0015,,Cyst,EJ,2012-03-22,51
Xeno Nimo Hypox;FaDu,CO,,N150b088,N150,b,88,,3.0001,LBSEQ,7.0036;7.0037,,recurrence,EJ,2012-04-30,90
Xeno Nimo Hypox;FaDu,CO,,N150b088,N150,b,88,,3.0002,LBSEQ,7.0048;7.0049,,killed for final size,KS,2012-05-21,111
Xeno Nimo Hypox;FaDu,CO,,N150b089,N150,b,89,,3.0,LBSEQ,7.0004;7.0005,,Ulcer 2,EJ,2012-03-05,34
Xeno Nimo Hypox;FaDu,CO,,N150b089,N150,b,89,,3.0001,LBSEQ,7.0006;7.0007,,Ulcer 2,EJ,2012-03-08,37
Xeno Nimo Hypox;FaDu,CO,,N150b089,N150,b,89,,3.0002,LBSEQ,7.0008;7.0009,,Ulcer 2,EJ,2012-03-12,41
Xeno Nimo Hypox;FaDu,CO,,N150b089,N150,b,89,,3.0003,LBSEQ,7.0010;7.0011,,Scab on tumor,EJ,2012-03-15,44
Xeno Nimo Hypox;FaDu,CO,,N150b089,N150,b,89,,3.0004,LBSEQ,7.0012;7.0013,,"Scab on tumor, scar",EJ,2012-03-19,48
Xeno Nimo Hypox;FaDu,CO,,N150b089,N150,b,89,,3.0005,LBSEQ,7.0014;7.0015,,Scar,EJ,2012-03-22,51
Xeno Nimo Hypox;FaDu,CO,,N150b089,N150,b,89,,3.0006,LBSEQ,7.0016;7.0017,,Scar,EJ,2012-03-26,55
Xeno Nimo Hypox;FaDu,CO,,N150b089,N150,b,89,,3.0007,LBSEQ,7.0018;7.0019,,Scar,EJ,2012-03-29,58
Xeno Nimo Hypox;FaDu,CO,,N150b089,N150,b,89,,3.0008,LBSEQ,7.0020;7.0021,,Scar,EJ,2012-04-02,68
Xeno Nimo Hypox;FaDu,CO,,N150b089,N150,b,89,,3.0009,LBSEQ,7.0022;7.0023,,Scar,EJ,2012-04-05,65
Xeno Nimo Hypox;FaDu,CO,,N150b089,N150,b,89,,3.001,LBSEQ,7.0090;7.0091,,"killed, end of experiment",EJ,2012-09-06,219
Xeno Nimo Hypox;FaDu,CO,,N150b090,N150,b,90,,3.0,LBSEQ,7.0008;7.0009,,Cyst,EJ,2012-03-12,41
Xeno Nimo Hypox;FaDu,CO,,N150b090,N150,b,90,,3.0001,LBSEQ,7.0010;7.0011,,Cyst,EJ,2012-03-15,44
Xeno Nimo Hypox;FaDu,CO,,N150b090,N150,b,90,,3.0002,LBSEQ,7.0012;7.0013,,"Cyst, lanced",EJ,2012-03-19,48
Xeno Nimo Hypox;FaDu,CO,,N150b090,N150,b,90,,3.0003,LBSEQ,7.0014;7.0015,,"Cyst, lanced",EJ,2012-03-22,51
Xeno Nimo Hypox;FaDu,CO,,N150b090,N150,b,90,,3.0004,LBSEQ,7.0016;7.0017,,"Cyst, lanced",EJ,2012-03-26,55
Xeno Nimo Hypox;FaDu,CO,,N150b090,N150,b,90,,3.0005,LBSEQ,7.0040;7.0041,,killed for final size,EJ,2012-05-07,97
Xeno Nimo Hypox;FaDu,CO,,N150b120,N150,b,120,,3.0,LBSEQ,7.0006;7.0007,,Scab on tumor,EJ,2012-03-15,44
Xeno Nimo Hypox;FaDu,CO,,N150b120,N150,b,120,,3.0001,LBSEQ,7.0008;7.0009,,Scab on tumor,EJ,2012-03-19,48
Xeno Nimo Hypox;FaDu,CO,,N150b120,N150,b,120,,3.0002,LBSEQ,7.0010;7.0011,,Ulcer 2,EJ,2012-03-22,51
Xeno Nimo Hypox;FaDu,CO,,N150b120,N150,b,120,,3.0003,LBSEQ,7.0012;7.0013,,"Ulcer 1, residual tumor",EJ,2012-03-26,55
Xeno Nimo Hypox;FaDu,CO,,N150b120,N150,b,120,,3.0004,LBSEQ,7.0014;7.0015,,"Scab on tumor, residual tumor",EJ,2012-03-29,58
Xeno Nimo Hypox;FaDu,CO,,N150b120,N150,b,120,,3.0005,LBSEQ,7.0016;7.0017,,residual tumor,EJ,2012-04-02,68
Xeno Nimo Hypox;FaDu,CO,,N150b120,N150,b,120,,3.0006,LBSEQ,7.0018;7.0019,,residual tumor,EJ,2012-04-05,65
Xeno Nimo Hypox;FaDu,CO,,N150b120,N150,b,120,,3.0007,LBSEQ,7.0084;7.0085,,general health state,EJ,2012-08-30,212
Xeno Nimo Hypox;FaDu,CO,,N150b120,N150,b,120,,3.0008,LBSEQ,7.0086;7.0087,,"general health state, killed, end of experiment",EJ,2012-09-06,219
Xeno Nimo Hypox;FaDu,CO,,N150b121,N150,b,121,,3.0,LBSEQ,7.0006;7.0007,,Scab on tumor,EJ,2012-03-19,48
Xeno Nimo Hypox;FaDu,CO,,N150b121,N150,b,121,,3.0001,LBSEQ,7.0008;7.0009,,Scab on tumor,EJ,2012-03-22,51
Xeno Nimo Hypox;FaDu,CO,,N150b121,N150,b,121,,3.0002,LBSEQ,7.0010;7.0011,,Scab on tumor,EJ,2012-03-26,55
Xeno Nimo Hypox;FaDu,CO,,N150b121,N150,b,121,,3.0003,LBSEQ,7.0012;7.0013,,Scab on tumor,EJ,2012-03-29,58
Xeno Nimo Hypox;FaDu,CO,,N150b121,N150,b,121,,3.0004,LBSEQ,7.0014;7.0015,,Scab on tumor,EJ,2012-04-02,68
Xeno Nimo Hypox;FaDu,CO,,N150b121,N150,b,121,,3.0005,LBSEQ,7.0016;7.0017,,Scab on tumor,EJ,2012-04-05,65
Xeno Nimo Hypox;FaDu,CO,,N150b121,N150,b,121,,3.0006,LBSEQ,7.0084;7.0085,,"killed, end of experiment",EJ,2012-09-06,219
Xeno Nimo Hypox;FaDu,CO,,N150b122,N150,b,122,,3.0,LBSEQ,7.0050;7.0051,,"Scab on tumor, killed for final size",KS,2012-05-24,114
Xeno Nimo Hypox;FaDu,CO,,N150b129,N150,b,129,,3.0,LBSEQ,7.0060;7.0061,,Scab on tumor,EJ,2012-07-19,170
Xeno Nimo Hypox;FaDu,CO,,N150b129,N150,b,129,,3.0001,LBSEQ,7.0062;7.0063,,Ulcer 4,EJ,2012-07-26,177
Xeno Nimo Hypox;FaDu,CO,,N150b129,N150,b,129,,3.0002,LBSEQ,7.0064;7.0065,,Ulcer 4,EJ,2012-08-02,184
Xeno Nimo Hypox;FaDu,CO,,N150b129,N150,b,129,,3.0003,LBSEQ,7.0066;7.0067,,Scab on tumor,EJ,2012-08-09,191
Xeno Nimo Hypox;FaDu,CO,,N150b129,N150,b,129,,3.0004,LBSEQ,7.0068;7.0069,,"Ulcer 1, scar",EJ,2012-08-16,198
Xeno Nimo Hypox;FaDu,CO,,N150b129,N150,b,129,,3.0005,LBSEQ,7.0070;7.0071,,"Scab on tumor, scar",EJ,2012-08-23,205
Xeno Nimo Hypox;FaDu,CO,,N150b129,N150,b,129,,3.0006,LBSEQ,7.0072;7.0073,,"Scab on tumor, scar",EJ,2012-08-30,212
Xeno Nimo Hypox;FaDu,CO,,N150b129,N150,b,129,,3.0007,LBSEQ,7.0074;7.0075,,"Scab on tumor, scar, killed, end of experiment",EJ,2012-09-06,219
Xeno Nimo Hypox;FaDu,CO,,N150b130,N150,b,130,,3.0,LBSEQ,7.0012;7.0013,,Cyst,EJ,2012-03-12,41
Xeno Nimo Hypox;FaDu,CO,,N150b130,N150,b,130,,3.0001,LBSEQ,7.0048;7.0049,,"Scab on tumor, killed for final size",KS,2012-05-14,104
